name,location,price_in_lakhs,area_in_sqft,bhk,has_rating
happy homes,kolathur,85.83,1162,3,0
snd sai swaraj,velachery,105.0,1400,3,0
prince courtyard,egmore,443.0,2110,3,0
s and p the address,"mambakkam, vandalur kelambakkam road",220.00000000000003,1500,3,0
panayur,ganallur,150.0,2250,3,0
grn east avenue,korattur,155.0,1405,3,0
athanur village,urapakkam,85.0,950,2,0
"choolai, chennai, chennai central",choolai,299.0,1248,4,0
plaza serene acres,"ayaganagar, thoraipakkam",135.0,1496,3,0
shrusti vedanshi,velachery,160.0,975,2,0
"aishwarya apartments, vadapalani","kumaran colony, gst road",52.0,640,2,0
"mannivakkam, chennai, chennai south",mannivakkam,185.0,2400,2,0
priyam,"maya nagar stage 2 extension, sri iyappa nagar",222.00000000000003,2700,4,0
"nemilichery, chromepet, chennai south","nemilichery, chromepet",180.0,1690,5,0
dac manapark,manapakkam,110.00000000000001,1405,2,0
"rayan homes, nanmangalam",kovilambakkam,32.5,540,1,0
"palm revira,",thirumudivakkam,118.0,1913,4,0
jains advaya,kovur,85.0,1279,3,0
vinayaga flats,ambattur,45.0,1020,2,0
"vandalur kelambakkam road, chennai, chennai south",vandalur kelambakkam road,300.0,4800,6,0
palm riveria,thirumudivakkam,45.0,900,1,0
athanur village,urapakkam,95.0,1375,3,0
rahul shrikrupa,"vijayalakshmi puram, ambattur",41.0,700,2,0
blossom apartment,keelkattalai,60.0,826,2,0
"moulivakkam, chennai, chennai west",moulivakkam,120.0,880,6,0
radiance sapphire,ganallur,139.0,1346,3,0
snd sai swaraj,pallikaranai,105.0,1400,3,0
"valasaravakkam, chennai, chennai west",valasaravakkam,250.0,1085,3,0
ssm nagar housing complex,"new perungalathur, perungalathur",60.0,1021,2,0
raghav ram nivas,nanmangalam,60.0,980,2,0
appaswamy platina,porur,220.00000000000003,1708,3,1
sai mithra apartments,rajakilpakkam,142.0,1734,3,0
altis oceanique,ecr,185.0,1633,3,0
"62nd street, 10th sector","kk nagar, gst road",175.0,880,5,0
"perumbakkam, chennai, chennai south",perumbakkam,270.0,1500,5,0
"senneer kuppam, chennai, chennai west",senneer kuppam,265.0,2736,2,0
vijay shanthi nithyanand sagar apartment,perambur,66.0,875,2,0
engineers richmond court,sembakkam,58.0,950,2,0
shri vana durga apartment,madambakkam,28.0,617,1,0
"sendurpuram, kattupakkam, chennai west","sendurpuram, kattupakkam",135.0,856,3,0
silver palm apartments,padi,71.68,1024,3,0
vasantham apartment,perambur,65.0,851,2,0
heritage venkateshwara nagar,"karambakkam, porur",280.0,1789,3,0
suraj enclave,"ayyappa nagar, sadasivam nagar, sembakkam",70.0,1200,3,0
casagrand luxeria,navalur,235.0,2241,4,0
jains advaya,kovur,80.0,1184,3,0
"kannivakkam, chennai, chennai south",kannivakkam,115.99999999999999,1100,3,0
jayam gangailakshmi homes,ivasa nagar new perungalathur,75.0,1350,3,0
casagrand athens,mogappair,90.0,613,2,0
rl royal homes,"mettukuppam, thoraipakkam",99.0,940,2,0
nest spectra,ganallur,38.0,565,1,0
on request,madipakkam,101.0,1350,3,0
eta globevill,sriperumbudur,60.0,1302,3,0
thirumaaligais kailash,pallikaranai,105.0,1436,3,0
arun excello town house,oragadam,89.0,1005,3,0
cc sri ranga apartments,east tambaram,58.0,902,2,0
"guduvancheri, chennai, chennai south",guduvancheri,120.0,1200,3,0
radiance suprema,madhavaram,96.0,1102,2,0
on request,"agaramthen, vandalur kelambakkam road",33.3,665,2,0
venki apartment,"kallikuppam, ambattur",64.97,883,2,0
venture allset castle,kottivakkam,165.0,1504,3,0
rohinimap apartment,"veerabhadra nagar, medavakkam",95.0,1431,3,0
"kodambakkam, gst road, chennai south","kodambakkam, gst road",125.0,940,2,0
"mudichur, chennai, chennai south",mudichur,265.0,5300,9,0
snd sai swaraj,pallikaranai,101.0,1350,3,0
srb coral house,perambur,82.0,752,3,0
emerald green hills,perungalathur,59.71,963,2,0
vishranthi coconut grove,velachery,300.0,1748,3,0
srb smily house,perambur,94.5,1260,3,0
viva city,arungal,20.0,426,1,0
"kovur, chennai, chennai west",kovur,307.0,3600,6,0
apartment,"kathirvedu, puzhal",85.0,870,2,0
srb coral house,perambur,80.0,1068,3,0
rc adena,thirumullaivoyal,45.0,820,2,0
snd sai swaraj,velachery,101.0,1350,3,0
on request,"padhuvancherry, madambakkam",35.0,702,2,0
"west kamakoti nagar, valasaravakkam, chennai west","west kamakoti nagar, valasaravakkam",450.0,1700,5,0
green apple flats,"ags colony, velachery",89.5,874,2,0
shree varu homes gruham,"alagiri nagar, gst road",151.0,1260,3,0
tvs emerald greenacres,"kolapakkam,vandalur kelambakkam road",95.0,1275,3,1
srb coral house,perambur,84.0,928,3,0
prem enclave,valasaravakkam,92.52,983,2,0
lakshmi apartment,"karthikeyapuram, madipakkam",95.0,1331,3,0
"kayarambedu, chennai, chennai south",kayarambedu,124.0,1200,3,0
shri vana durga apartment,madambakkam,60.0,1241,2,0
apartment,"saligramam, arcot road",99.0,1038,2,0
partha enclave,iyyappanthangal,47.62,548,1,0
partha enclave,porur,79.95,967,2,0
partha enclave,kattupakkam,79.64,963,2,0
on request,kattupakkam,101.0,1238,3,0
govindaraj nagar,kattupakkam,79.95,967,2,0
prem enclave,"anbu nagar, valasaravakkam",83.56,880,2,0
casagrand first city,ganallur,73.0,985,2,1
"swathi apartment, appar street extension","new perungalathur, perungalathur",45.0,1116,2,0
baashyaam the plutus residence,"dira nagar , adyar",500.0,1930,3,0
"madipakkam, chennai, chennai south",madipakkam,63.0,895,2,0
snd sai swaraj,velachery,120.0,1400,3,0
archana flats,kovur,65.0,924,2,0
prestige bella vista,porur,190.0,1990,3,1
"kayarambedu, chennai, chennai south",kayarambedu,118.0,1180,3,0
prabha homes suceela,"puzhuthivakkam, madipakkam",86.19,806,2,0
prabha homes blissful,"puzhuthivakkam, madipakkam",88.03,877,2,0
anry homes,"radha avenue, valasaravakkam",85.52,983,2,0
udhayam saimugil,chitlapakkam,125.0,1647,3,0
"sowcarpet, george town, chennai, chennai central","sowcarpet, george town",150.0,1478,2,0
navganesh eden,kolathur,71.98,1180,3,0
adhithya residency,kovilambakkam,93.79,1218,3,0
babu flats,"rose nagar, kovilambakkam",95.17,1236,3,0
adhith residency,"veeramani nagar, kovilambakkam",105.0,1236,3,0
somu residency,"rose nagar, kovilambakkam",103.0,1218,3,0
featherlite vaikuntam,guduvancheri,75.0,1317,3,1
jeeva avenue,sithalapakkam,145.0,1045,3,0
sri smiley house,perambur,75.0,759,2,0
adhith enclave,"veeramani nagar, kovilambakkam",89.17,1158,3,0
"grand adore,new",madipakkam,122.0,1475,3,0
saroja murugesan apartments,"alwarthirunagar, valasaravakkam",124.0,1056,2,0
babu enclave,keelkattalai,93.79,1218,3,0
prabha homes blissful,"puzhuthivakkam, madipakkam",80.69,828,2,0
prabha homes,"puzhuthivakkam, madipakkam",84.91,877,2,0
prabha homes blissful,"puzhuthivakkam, madipakkam",98.56,904,2,0
prabha homes blissful,"puzhuthivakkam, madipakkam",85.33,828,2,0
"grand adore, new flat",madipakkam,112.00000000000001,1344,3,0
"gerugambakkam, chennai, chennai west",gerugambakkam,114.99999999999999,900,3,0
"mukesh flats,new flat",iyyappanthangal,69.95,1186,3,0
athish,"pudur, ambattur",60.0,930,2,0
dharman's divine,"sankarapuram, sithalapakkam",57.49,1045,2,0
coralbay,thiruvanmiyur,490.00000000000006,2598,4,0
new flat,"kallikuppam, ambattur",61.36,883,2,0
new flat,ambattur,62.85,904,2,0
new flat,ambattur,62.89,906,2,0
alankar horizon,east tambaram,83.17,1210,2,0
gandhi nagar,"kallikuppam, ambattur",74.0,1145,3,0
new flat,"kallikuppam, ambattur",61.35,881,2,0
orchid rr construction,old perungalathur,75.76,1456,3,0
"vgp selva nagar extension, velachery, chennai south","vgp selva nagar extension, velachery",58.0,895,2,0
new flat,ambattur,61.35,905,2,0
"svf thiru flats,ambattur chennai north","thiruvengada nagar, ambattur",85.0,1200,3,0
"svf lake view garden,chennai north","manikandapuram, thirumullaivoyal",42.0,971,2,0
dharman's divine,"nagalakshmi nagar, sithalapakkam",57.85,1045,2,0
e residences,nungambakkam,175.0,600,1,1
babu flats,"rose nagar, kovilambakkam",94.7,1160,3,0
babu flats,kovilambakkam,93.65,1165,3,0
babu flats,"rose nagar, kovilambakkam",110.00000000000001,1218,3,0
partha enclave,kattupakkam,47.65,548,1,0
on request,kattupakkam,47.69,548,1,0
on request,chromepet,96.01,910,2,0
ayana 95,ayanambakkam,103.0,1238,3,0
babu residency,"rose nagar, kovilambakkam",95.17,1236,3,0
lakshmi nivas,madambakkam,77.92,1163,3,0
on request,anna nagar west,280.0,1471,3,0
coralbay,thiruvanmiyur,286.0,1525,3,0
mahalaxmi nagar,mangadu,52.0,600,2,0
alankar horizon,selaiyur,110.00000000000001,1730,3,0
alankar horizon,tambaram,108.0,1560,3,0
alankar horizon,tambaram,73.46,1150,2,0
alankar horizon,medavakkam,108.0,1600,3,0
agaram then,"agaramthen, vandalur kelambakkam road",119.0,1163,3,0
alankar horizon,selaiyur,108.0,1600,3,0
orchid garden,old perungalathur,75.76,1457,3,0
xs real siena,padur,98.5,1790,2,0
new flat,ayyapakkam,58.82,1074,2,0
new flat,ayyapakkam,58.85,1072,2,0
new flat,ayyapakkam,53.95,931,2,0
new flat,ayanambakkam,56.2,969,2,0
new flat,ayyapakkam,58.0,1000,2,0
new flat,ayanambakkam,83.51,1440,3,0
apartment,velachery,118.0,1275,3,0
on request,"vengaivasal, medavakkam",79.8,1331,2,0
navganesh eminent,"veeraragahavalu nagar, lakshmipuram",55.69,884,2,0
lakshmi nivas,madambakkam,69.48,1037,2,0
ayana 95,ayanambakkam,58.0,632,1,0
on request,"dy,  south",409.99999999999994,1894,3,0
adore new flat,madipakkam,122.0,1475,3,0
"sai phaadham ,new flat",poonamallee,69.9,996,2,0
"mukesh krrthi homes,new",iyyappanthangal,69.95,1187,3,0
on request,ayanambakkam,109.00000000000001,1238,2,0
on request,perungalathur,86.58,1204,3,0
adhith residency,kovilambakkam,93.79,1218,3,0
orchid garden,old perungalathur,53.25,1024,2,0
smile house,"perumbur,  north",75.0,755,2,0
"potheri, kattankulathur, chennai south","potheri, kattankulathur",36.0,800,2,0
ramaniyam ocean dew,pallikaranai,140.0,1420,3,0
subiksham flat new,keelkattalai,66.0,943,2,0
new flat,ayanambakkam,56.11,968,2,0
rental income house,iyyappanthangal,114.99999999999999,800,5,0
alankar horizon,rajakilpakkam,73.46,1150,2,0
new flat,ambattur,58.91,1071,2,0
happy homes,"banu nagar, ambattur",85.38,1228,3,0
happy homes,"kallikuppam, ambattur",74.43,1149,3,0
happy homes,"banu nagar, ambattur",60.44,942,2,0
gandhi nagar,"kallikuppam, ambattur",70.0,1080,2,0
happy homes,"kallikuppam, ambattur",74.41,1150,3,0
happy homes,ambattur,59.49,860,2,0
happy homes,"kallikuppam, ambattur",86.11,1327,3,0
happy homes,"kallikuppam, ambattur",74.41,1149,3,0
happy homes,"kallikuppam, ambattur",59.49,858,2,0
happy homes,"kallikuppam, ambattur",74.41,1148,3,0
happy homes,"banu nagar, ambattur",79.44,1138,2,0
orchid gardens,tambaram,75.76,1458,3,0
lake vista's,pallikaranai,70.0,1000,2,0
ayana 95,ayanambakkam,110.00000000000001,1143,2,0
purva somerset house,"dy,  south",409.99999999999994,1968,3,1
new flat,ayanambakkam,83.49,1440,3,0
prabha homes blissful,madipakkam,118.0,1187,3,0
prabha homes blissful,"puzhuthivakkam, madipakkam",82.48,848,2,0
"mukesh keerthi homes,new",iyyappanthangal,56.1,951,2,0
new flat,ayanambakkam,57.95,1001,2,0
"sai mukesh keerthi,new flat",kattupakkam,69.9,1186,3,0
navins hanging gardens,valasaravakkam,135.0,1012,2,1
navins hanging gardens,valasaravakkam,187.0,1464,3,1
navganesh eminent,ayakapuram,50.08,795,2,0
residential apartment,pallikaranai,83.66,1287,3,0
jayam sri sai garden hill view,perumbakkam,87.0,900,2,0
"perumbakkam, chennai, chennai south",perumbakkam,96.5,900,3,0
sri sai garden,perumbakkam,110.00000000000001,1000,3,0
orchid garden,old perungalathur,70.67,1359,3,0
ramkhar homes's orchid,kolathur,78.68,1049,2,0
shriram park 63,perungalathur,148.0,1970,3,1
somerset,"dy,  south",420.0,2475,4,0
purva somerset house,"dy,  south",320.0,1890,3,1
happy homes,"kallikuppam, ambattur",74.41,1155,3,0
shriram park 63,perungalathur,129.0,1725,3,1
shriram park 63,perungalathur,138.0,1840,3,1
happy homes,"kallikuppam, ambattur",74.41,1151,3,0
tvh quadrant,adyar,450.0,2235,3,1
"gerugambakkam, chennai, chennai west",gerugambakkam,165.0,922,3,0
dharman's divine,"sankarapuram, sithalapakkam",57.48,1045,2,0
darman's divine,"sankarapuram, sithalapakkam",57.43,1045,2,0
pacifica pride towers,padur,89.0,1468,3,1
prestige bella vista,porur,140.0,1505,2,1
dra d elite,ganallur,112.00000000000001,1058,2,1
dharman's divine,"sankarapuram, sithalapakkam",57.89,1045,2,0
appaswamy habitat,siruseri,78.0,1244,2,0
new flats,kolathur,85.75,1203,3,0
new flats,kolathur,85.0,1203,3,0
dharman's divine,"sankarapuram, sithalapakkam",57.45,1045,2,0
dharman's divine,"sankarapuram, sithalapakkam",57.5,1045,2,0
dharman's divine,"sankarapuram, sithalapakkam",57.46,1045,2,0
dharmans's divine,"sankarapuram, sithalapakkam",57.55,1045,2,0
"kovur, chennai, chennai west",kovur,94.95,770,3,0
"kovur, chennai, chennai west",kovur,135.0,801,3,0
on request,"agaramthen, vandalur kelambakkam road",33.2,664,2,0
dharman's divine,"sankarapuram, sithalapakkam",57.3,1045,2,0
dharman's divine,"sankarapuram, sithalapakkam",57.57,1045,2,0
new flat,"kallikuppam, ambattur",61.15,882,2,0
new flat,ambattur,62.89,904,2,0
new flat,"kallikuppam, ambattur",61.12,881,2,0
metro star hi tech city,kundrathur,90.0,1030,2,0
new flat,ambattur,61.0,882,2,0
new flat,ayanambakkam,58.89,1072,2,0
new flat,ayanambakkam,53.94,931,2,0
new flat,ambattur,61.37,884,2,0
saai mugil,chitlapakkam,107.0,1647,3,0
sri smiley house,perambur,95.0,1302,3,0
happy homes,"banu nagar, ambattur",72.14,1115,2,0
sri smiley house,perambur,94.0,1300,3,0
shri sai garden,perumbakkam,155.0,1800,4,0
sri sai resident,perumbakkam,98.0,900,3,0
jayam sri sai garden hill view,perumbakkam,96.6,1200,3,0
jayam sri sai garden hill view,perumbakkam,95.0,1000,3,0
happy homes,"banu nagar, ambattur",89.36,1379,3,0
"kovur, chennai, chennai west",kovur,95.0,800,3,0
evergreen homes,kovur,70.0,721,2,0
"sikkarayapuram, chennai, chennai west",sikkarayapuram,138.0,800,3,0
"kundrathur, chennai, chennai south",kundrathur,78.0,640,2,0
"kundrathur, chennai, chennai south",kundrathur,110.00000000000001,1100,2,0
"gerugambakkam, chennai, chennai west",gerugambakkam,130.0,1000,3,0
"kundrathur, chennai, chennai south",kundrathur,110.00000000000001,1200,2,0
"kovur, chennai, chennai west",kovur,96.0,800,3,0
aparment,"kallikuppam, ambattur",74.41,1145,3,0
new flat,ramapuram,140.0,1403,3,0
new flat,ayappakkam,56.14,968,2,0
somu residency,keelkattalai,89.19,1158,3,0
"svf majestc flats,ambattur,chennai north",ambattur,69.0,1250,3,0
athish,"banu nagar west, ambattur",72.0,1110,2,0
on request,"ayagapuram,  south",41.66,682,2,0
happy homes,kolathur,84.68,1160,3,0
happy homes,"kallikuppam, ambattur",74.41,1148,3,0
sri rathis luxury,kolathur,81.0,722,2,0
sri rathis luxury,kolathur,81.0,675,2,0
navins hanging gardens,valasaravakkam,135.0,1005,2,1
madhuri nagar,gerugambakkam,120.0,970,3,0
new flat,kolathur,83.96,1202,3,0
madavan nagar,kolathur,84.0,1200,3,0
new flats,kolathur,85.0,1206,3,0
svf majestic flats,ambattur,65.0,1250,3,0
vinayagaburam,kolathur,83.95,1201,3,0
prabha homes blissful,madipakkam,84.45,877,2,0
purva somerset house,"dy,  south",305.0,1900,3,1
navganesh eden,"ayagapuram, ambattur",71.98,1180,3,0
prabha homes blissful,"puzhuthivakkam, madipakkam",119.0,1187,3,0
"kovur, chennai, chennai west",kovur,120.0,930,3,0
shree varu homes gruham,"vadapalani,  south",159.0,1328,3,0
babu residency,nanmangalam,94.16,1159,3,0
babu enclave,nanmangalam,98.4,1248,3,0
babu residency,kovilambakkam,94.0,1239,3,0
babu flats,kovilambakkam,96.56,1260,3,0
babu flats,kovilambakkam,97.56,1260,3,0
babu flats,"rose nagar, kovilambakkam",95.7,1165,3,0
viji flats,"rose nagar, kovilambakkam",90.23,1222,3,0
adhithya residency,kovilambakkam,89.13,1221,3,0
babu flats,"rose nagar, kovilambakkam",84.53,1161,3,0
babu flats,"veeramani nagar, kovilambakkam",90.2,1160,3,0
somu residency,"rose nagar, kovilambakkam",96.72,1223,3,0
babu residency,"s kolathur, kovilambakkam",98.0,1158,3,0
adhith enclave,nanmangalam,90.0,1158,3,0
victoria towers,"kazhipattur, omr",95.0,1985,3,0
mukesh keerthi flat,iyyappanthangal,56.0,950,2,0
orchid gardens,tambaram,53.25,1024,2,0
sri sai resident,perumbakkam,97.6,920,3,0
"perumbakkam, chennai, chennai south",perumbakkam,99.0,955,3,0
new flat,ambattur,53.9,932,2,0
"guduvancheri, chennai, chennai south",guduvancheri,94.5,960,3,0
"guduvancheri, chennai, chennai south",guduvancheri,95.0,1200,3,0
"kayarambedu, chennai, chennai south",kayarambedu,67.0,800,3,0
"thangappapuram, perumanttunallur, chennai, chennai south","thangappapuram, perumanttunallur",83.0,1000,3,0
"guduvancheri, chennai, chennai south",guduvancheri,82.5,1000,3,0
on request,chromepet,96.0,908,2,0
udhayam saimugil,chitlapakkam,125.0,1618,3,0
udhayam saimugil,chitlapakkam,125.0,1648,3,0
on request,chromepet,96.0,910,2,0
jayam sri sai garden hill view,perumbakkam,98.5,950,3,0
on request,kolathur,85.7,1026,3,0
new flat,kolathur,84.0,1204,3,0
vinayagaburam,kolathur,84.0,1205,3,0
"gerugambakkam, chennai, chennai west",gerugambakkam,130.0,1200,4,0
new flat,kolathur,84.0,1200,3,0
livehomes,perumbakkam,53.91,856,2,0
livehomes,tambaram,75.4,888,2,0
livehomes,madhavaram,106.0,1213,3,0
scc homes,mugalivakkam,72.0,992,2,0
scc homes,perumanttunallur,87.0,900,3,0
scc homes,"semmancheri, omr",76.84,1188,2,0
scc homes,"semmancheri, omr",75.21,1162,2,0
scc homes,velachery,110.00000000000001,1133,3,0
scc homes,nanmangalam,71.29,1066,2,0
scc homes,"kuberan nagar, madipakkam",67.52,910,2,0
scc homes,madipakkam,128.0,1418,3,0
alankar horizon,"camp road, selaiyur",110.00000000000001,1730,3,0
alankar horizon,medavakkam,83.17,1250,2,0
orchid garden,perungalathur,70.56,1359,3,0
on request,perungalathur,53.24,1024,2,0
orchid gardens,tambaram,53.29,1025,2,0
orchid gardens,tambaram,70.66,1359,3,0
orchid garden,perungalathur,75.7,1456,3,0
orchid gardens,tambaram,75.75,1457,3,0
tambaram,tambaram,119.0,1163,3,0
alankar vridhi villa,"mappedu, selaiyur",125.0,1163,3,0
alankar vridhi villa,tambaram,125.0,1163,3,0
alankar horizon,"camp road, selaiyur",108.0,1600,3,0
alankar horizon,"camp road, selaiyur",83.17,1250,2,0
alankar horzion,east tambaram,86.63,1300,2,0
on request,medavakkam,76.52,1250,2,0
orchid gardens,old perungalathur,75.75,1457,3,0
orchid gardens,perungalathur,70.65,1359,3,0
orchid garden,old perungalathur,48.46,932,2,0
orchid gardens,tambaram,70.67,1359,3,0
orchid gardens,tambaram,75.76,1457,3,0
new flat,"puthagaram, korattur",84.1,1205,3,0
babu residency,keelkattalai,99.4,1245,3,0
new flat,ayanambakkam,56.21,968,2,0
new flat,ayyapakkam,58.0,1001,2,0
new flat,ayyapakkam,53.92,932,2,0
new flat,ayyapakkam,83.58,1441,3,0
new flat,ayyapakkam,59.0,1071,2,0
new flat,ayyapakkam,59.0,1070,2,0
babu flats,nanmangalam,95.7,1236,3,0
new flat,ayanambakkam,59.0,1071,2,0
new flat,ambattur,83.5,1440,3,0
new flat,ambattur,83.5,1441,3,0
kaaviya gardens prem enclave,valasaravakkam,52.24,522,1,0
akb solitaire,"mappedu, selaiyur",120.0,963,3,0
"gerugambakkam, chennai, chennai west",gerugambakkam,114.99999999999999,800,3,0
orchid rr construction,old perungalathur,48.47,932,2,0
vishnu sky towers,madambakkam,68.95,985,2,0
vishnu sky towers,madambakkam,78.68,1124,3,0
apartment,"banu nagar, ambattur",60.44,930,2,0
keerthi homes,iyyappanthangal,78.25,1186,3,0
keerthi homes,iyyappanthangal,67.5,957,2,0
keerthi homes,iyyappanthangal,67.5,950,2,0
sai keerthi,iyyappanthangal,67.0,957,2,0
sai keerthi,iyyappanthangal,78.0,1189,3,0
keerthi homes,iyyappanthangal,67.2,950,2,0
aruna flats,"apuram,  south",88.7,1232,3,0
keerthi homes,iyyappanthangal,67.25,957,2,0
keerthi homes,iyyappanthangal,67.15,950,2,0
prosper,"thalambur, omr",67.8,1032,2,0
rr raksha homes,kumananchavadi,63.87,900,2,0
sai keerthi,iyyappanthangal,67.7,970,2,0
rr raksha homes,kumananchavadi,74.0,1050,2,0
rr sai keerthi homes,poonamallee,65.0,956,2,0
rr sai keerthi homes,poonamallee,65.0,967,2,0
sai keerthi enclave poonamallee,poonamallee,65.0,952,2,0
rr raksha homes,kumananchavadi,82.0,1170,3,0
rr sai mukesh flats,poonamallee,65.0,968,2,0
keerthi homes,iyyappanthangal,67.85,957,2,0
keerthi homes,iyyappanthangal,67.25,953,2,0
keerthi homes,poonamallee,110.00000000000001,1450,3,0
keerthi homes,poonamallee,70.0,885,2,0
keerthi homes,poonamallee,77.0,996,2,0
keerthi homes,poonamallee,73.0,937,2,0
sai keerthi,iyyappanthangal,67.95,976,2,0
sai keerthi,iyyappanthangal,67.5,958,2,0
rr raksha homes,kumananchavadi,73.98,1050,2,0
keerthi homes,iyyappanthangal,68.0,976,2,0
sai anna baba flats,gerugambakkam,75.0,1060,2,0
sai keerthi homes,iyyappanthangal,68.0,975,2,0
vinayagaburam,kolathur,43.12,707,2,0
sai keerthi homes,iyyappanthangal,65.0,975,2,0
vinayagaburam,kolathur,41.6,682,2,0
keerthi homes,gerugambakkam,74.0,1060,2,0
keerthi homes,iyyappanthangal,64.0,957,2,0
keerthi homes,iyyappanthangal,64.5,950,2,0
"kovur, chennai, chennai west",kovur,125.0,1050,3,0
"kovur, chennai, chennai west",kovur,95.0,789,3,0
"kovur, chennai, chennai west",kovur,110.00000000000001,1350,2,0
"guduvancheri, chennai, chennai south",guduvancheri,57.95,1200,2,0
on request,guduvancheri,53.71,938,2,0
brigade xanadu,mogappair,64.0,682,1,1
brigade xanadu,mogappair,135.0,1062,2,1
brigade xanadu,mogappair,64.5,682,1,1
jains archway,kilpauk,380.0,2234,3,0
sidharth crown,madhavaram,75.0,974,2,0
"perungalathur, chennai, chennai south",perungalathur,136.0,1200,3,0
"perungalathur, chennai, chennai south",perungalathur,136.0,1250,3,0
"perungalathur, chennai, chennai south",perungalathur,134.0,1112,3,0
ayana 95,ayanambakkam,96.0,1057,2,0
rainbow chetna,perambur,128.0,1338,3,0
rainbow chetna,perambur,96.0,1040,2,0
unity kingdom,medavakkam,83.0,1111,2,0
navins hillview avenue,thirumudivakkam,100.0,1472,3,1
purva somerset house,"dy,  south",325.0,1968,3,1
vgk sri sai enclave,"west tambaram,  south",55.0,917,2,0
vgk unity kingdom,medavakkam,84.0,982,2,0
shriram park 63,perungalathur,140.0,1390,3,1
ayana 95,ayanambakkam,84.0,1022,2,0
summer garden,medavakkam,73.0,1008,2,0
urbanrise codename new porur,thirumazhisai,59.0,849,2,1
"sai phaadham, new flat",poonamallee,103.0,1476,3,0
mukesh keerthi homes,poonamallee,68.49,1161,3,0
"dheena enclave,new",vanagaram,290.0,1200,5,0
"keerthi mukesh flat, new",poonamallee,56.0,953,2,0
on request,madhavaram,77.18,1043,2,0
on request,madhavaram,112.00000000000001,1457,3,0
on request,madhavaram,122.0,1738,3,0
on request,madhavaram,76.23,1089,2,0
on request,koyambedu,153.0,1737,4,0
on request,kilpauk,380.0,2234,3,0
on request,kilpauk,380.0,2236,3,0
on request,t nagar,476.0,2133,3,0
on request,t nagar,476.0,2135,3,0
on request,madhavaram,99.0,1375,3,0
on request,ayanambakkam,111.00000000000001,1259,3,0
on request,valasaravakkam,155.0,1125,2,0
on request,thirumudivakkam,89.0,1431,3,0
on request,kovur,73.83,1274,3,0
on request,kovur,73.94,1276,3,0
on request,madhavaram milk colony,105.0,1391,3,0
epk,anna salai,345.0,1723,3,0
risland the ace,perungudi,199.0,1638,3,0
babu flats,kovilambakkam,84.53,1160,3,0
"guduvancheri, chennai, chennai south",guduvancheri,94.0,1200,3,0
lancor infinys,keelkattalai,96.89,1020,2,0
"guduvancheri, chennai, chennai south",guduvancheri,81.95,1000,3,0
on request,perungudi,212.0,1714,3,0
livehomes,anna nagar,137.0,1098,2,0
livehomes,madipakkam,77.44,878,2,0
rhea apartments,guduvancheri,53.71,938,2,0
"guduvancheri, chennai, chennai south",guduvancheri,89.0,900,4,0
adhithya enclave,kovilambakkam,91.5,1160,3,0
seagull,"puzhuthivakkam, madipakkam",127.0,1418,3,0
new flats,"puzhuthivakkam, madipakkam",126.0,1418,3,0
on request,perungudi,169.0,1356,2,0
scc homes,chromepet,66.03,985,2,0
scc homes,"vadakkupattu, medavakkam",65.68,995,2,0
dharman's divine,"sankarapuram, sithalapakkam",57.65,1045,2,0
new flat,kolathur,50.8,796,2,0
vinayagaburam,kolathur,50.0,794,2,0
new flat,ayappakkam,53.91,931,2,0
brigade xanadu,mogappair,110.00000000000001,1062,2,1
kg ameya,"saidapet, gst road",310.0,1809,3,0
vgk unity kingdom,medavakkam,72.21,1184,2,0
hiliving serenity,madhavaram,110.00000000000001,1300,3,0
hi living seranity,madhavaram,76.0,1022,2,0
ayana 95,ayanambakkam,90.0,1022,2,0
ayana 95,ayanambakkam,59.0,501,1,0
jayam sri sai garden hill view,perumbakkam,96.0,1400,3,0
lifestyle podium,t nagar,490.00000000000006,2133,3,0
lifestyle podium,t nagar,450.0,2601,4,0
sri smiley house,perambur,95.0,1304,3,0
sai mugil,chitlapakkam,107.0,1647,3,0
new flat,"puthagaram, korattur",84.0,1200,3,0
udhayam sai versha,chromepet,96.0,910,2,0
livehomes,pallikaranai,61.74,870,2,0
"kovur, chennai, chennai west",kovur,75.0,810,2,0
orchid gardens,old perungalathur,70.65,1359,3,0
"kundrathur, chennai, chennai south",kundrathur,92.0,1050,2,0
new flat,ayanambakkam,82.69,1425,3,0
purva somerset house,"dy,  south",360.0,1968,3,1
purva somerset house,"dy,  south",375.0,1968,3,1
purva somerset house,"dy,  south",447.0,3501,4,1
shriram park 63,perungalathur,100.0,1385,2,1
sidharth crown,madhavaram,112.00000000000001,1457,3,0
marutham neptune,koyambedu,193.0,1846,4,0
marutham neptune,koyambedu,160.0,1471,3,0
spr highliving district,perambur,126.0,1166,2,0
vgk summer garden,"vengaivasal, medavakkam",81.53,1315,2,0
vinayagaburam,kolathur,49.9,790,2,0
vriddhi,t nagar,463.0,2174,3,0
vriddhi,t nagar,395.0,1841,3,0
navins hanging gardens,valasaravakkam,160.0,974,2,1
new flat,kolathur,50.07,790,2,0
vinayagaburam,kolathur,43.1,706,2,0
hi living evita,madhavaram,83.0,1155,3,0
on requested,kolathur,52.48,833,2,0
vgk summer garden,"vengaivasal, medavakkam",69.0,1052,2,0
vgk unity kingdom,medavakkam,84.75,1315,2,0
vgk sri sai enclave,"west tambaram,  south",61.0,962,2,0
tower of adyar by nahar,adyar,374.0,2419,4,1
spr highliving district,perambur,357.0,2596,4,0
hansa one oh one,nungambakkam,350.0,1606,3,0
scc homes,"saidapet, gst road",90.16,760,2,0
on request,gerugambakkam,65.0,934,2,0
on request,gerugambakkam,61.5,884,2,0
"agaram, thiruvanchery","thiruvanchery , selaiyur",119.0,1163,3,0
ayyan achyut flats,kovilambakkam,75.89,1116,2,0
spr highliving district,perambur,358.0,3547,4,0
"gerugambakkam, chennai, chennai west",gerugambakkam,88.0,940,2,0
on request,perambur,126.0,1396,3,0
risland the ace,perungudi,135.0,1187,2,0
orchid rr construction,old perungalathur,70.77,1358,3,0
ramkhar homes's orchid,kolathur,78.6,1048,2,0
apartment in guduvancherry,guduvancheri,70.0,936,2,0
hi living evita,madhavaram,130.0,1738,3,0
hi living evita,madhavaram,105.0,1392,3,0
new flat,ambattur,41.96,851,2,0
new flat,kolathur,81.5,1344,3,0
on request,perambur,90.0,1040,2,0
on request,perambur,120.0,1338,3,0
livehomes,anna nagar west,214.0,1300,3,0
"perumbakkam, chennai, chennai south",perumbakkam,97.5,900,3,0
sidharth crown,madhavaram,112.00000000000001,1454,3,0
new flat,ayanambakkam,82.71,1426,3,0
hiranandani bridge wood egattur,"egattur, omr",220.00000000000003,1960,3,0
new flat,ayanambakkam,53.9,930,2,0
purva somerset house,"dy,  south",350.0,1890,3,1
purva somerset house,"dy,  south",440.00000000000006,2475,4,1
purva somerset house,"dy,  south",303.0,2475,4,1
hiliving royal evita,madhavaram,100.0,1392,3,0
hiliving royal evita,madhavaram,75.0,962,2,0
lifestyle podium,t nagar,490.00000000000006,2133,2,0
sai keerthi,iyyappanthangal,67.0,953,2,0
sai keerthi,iyyappanthangal,67.15,958,2,0
golden opulence,poonamallee,104.0,1442,3,1
sai keerthi,iyyappanthangal,77.97,1186,3,0
pacifica pride towers,padur,85.0,1358,2,1
on request,madhavaram,79.06,1098,2,0
sai keerthi,iyyappanthangal,67.0,953,2,0
keerthi homes,iyyappanthangal,78.0,1187,3,0
sai keerthi homes,iyyappanthangal,67.0,952,2,0
sai keerthi homes,iyyappanthangal,64.0,950,2,0
keerthi homes,iyyappanthangal,67.0,975,2,0
on request,"vengaivasal, medavakkam",60.09,1015,2,0
alankar horizon,selaiyur,73.46,1150,2,0
sai keerthi homes,iyyappanthangal,67.1,957,2,0
sai keerthi homes,iyyappanthangal,64.25,957,2,0
scc homes,west mambalam,150.0,1380,3,0
scc homes,west mambalam,218.00000000000003,1600,3,0
"guduvancheri, chennai, chennai south",guduvancheri,55.0,1010,2,0
felicity flats,"ullagaram, madipakkam",126.0,1418,3,0
scc homes,"vadakkupattu, medavakkam",65.1,986,2,0
scc homes,nanmangalam,82.93,1245,3,0
orchid rr constitution,old perungalathur,44.16,850,2,0
vgk unity kingdom,medavakkam,94.72,1268,3,0
purva somerset house,"dy,  south",350.0,1968,3,1
vgk unity kingdom,medavakkam,96.0,1245,3,0
brigade xanadu,mogappair,69.0,682,1,1
on request,kattupakkam,74.96,1047,2,0
brigade xanadu,mogappair,63.0,682,1,1
livehomes,nandanam,211.0,1279,3,0
new flat,ayappakkam,82.72,1425,3,0
"guduvancheri, chennai, chennai south",guduvancheri,58.0,1025,2,0
"guduvancheri, chennai, chennai south",guduvancheri,83.0,1001,3,0
purva somerset house,"dy,  south",463.0,3501,4,1
urbanrise codename new porur,thirumazhisai,58.0,849,2,1
scc homes,"virugambakkam, arcot road",111.00000000000001,1025,2,0
akshaya level up,nungambakkam,465.00000000000006,2061,3,0
vishnu palmera garden,rajakilpakkam,76.67,983,2,0
vishnu palmera garden,rajakilpakkam,117.0,1486,3,0
brigade xanadu,mogappair west,204.99999999999997,1878,3,0
new flat,ayyapakkam,53.89,931,2,0
vinayagaburam,kolathur,41.6,681,2,0
122 west by shriram,mangadu,71.85,1283,3,0
maxis presidium,anna nagar,325.0,1745,3,0
on request,kolathur,78.5,1408,2,0
on request,"agaramthen, vandalur kelambakkam road",31.7,634,2,0
orchid garden,tambaram,70.55,1357,3,0
stepsstone vatsa,kattupakkam,89.0,850,3,0
on request,guduvancheri,29.76,536,1,0
on request,guduvancheri,43.0,960,2,0
on request,"kamakshi nagar, valasaravakkam",130.0,1465,3,0
on request,madhavaram milk colony,75.1,962,2,0
jayam sri sai garden hill view,perumbakkam,85.2,1000,2,0
alamoxsreal tuscany,"maraimalai nagar, gst road",37.0,620,1,0
alamoxsreal tuscany,"maraimalai nagar, gst road",37.0,621,2,0
alamoxsreal tuscany,"maraimalai nagar, gst road",37.0,623,2,0
alamoxsreal tuscany,"maraimalai nagar, gst road",37.0,600,2,0
hansa one oh one,nungambakkam,352.0,1772,3,0
lifestyle podium,t nagar,351.0,1842,3,0
livehomes,avadi,46.41,844,2,0
livehomes,kundrathur,48.43,914,2,0
orchid gardens,old perungalathur,53.24,1024,2,0
ss amaira,thiruvanmiyur,409.99999999999994,2031,3,0
scc homes,alwarpet,211.0,1267,3,0
scc homes,nanmangalam,39.44,576,1,0
scc homes,kilpauk,165.0,1210,3,0
orchid gardens,tambaram,45.79,848,2,0
orchid garden,old perungalathur,44.09,848,2,0
fomra hues,porur,114.99999999999999,1525,3,1
orchid garden,perungalathur,45.79,848,2,0
new perunagalathur,"new perungalathur, perungalathur",119.0,1163,3,0
orchid gardens,old perungalathur,48.45,932,2,0
orchid gardens,tambaram,44.09,848,2,0
orchid rr construction,old perungalathur,44.14,849,2,0
orchid gardens,tambaram,44.15,849,2,0
"perungavoor, chennai, chennai north",perungavoor,31.95,600,1,0
on request,"west tambaram,  south",55.0,986,2,0
on request,"west tambaram,  south",55.0,1011,2,0
pacifica pride towers,padur,75.0,1265,2,1
shriram park 63,perungalathur,104.0,1385,3,1
new flat,ambattur,83.56,1440,3,0
livehomes,kovilambakkam,117.0,1450,3,0
brigade xanadu,mogappair,62.0,682,1,1
scc homes,mugalivakkam,68.65,913,2,0
scc homes,mugalivakkam,68.5,1283,2,0
vinayagaburam,kolathur,41.63,682,2,0
rr raksha homes,kumananchavadi,30.0,420,1,0
rr raksha homes,kumananchavadi,30.03,420,1,0
new flat,kolathur,41.85,685,2,0
new flat,kolathur,43.0,702,2,0
new flat,kolathur,43.1,709,2,0
vinayagaburam,kolathur,43.18,708,2,0
vinayagaburam,kolathur,41.47,682,2,0
new flat,kolathur,41.65,682,2,0
"perungalathur, chennai, chennai south",perungalathur,118.0,1100,3,0
kg ameya,"saidapet, gst road",450.0,2470,4,0
kg house of champions,perumbakkam,47.0,796,2,0
on request,"defence colony, gst road",250.0,1735,3,0
on request,thirumudivakkam,38.0,607,2,0
navins hillview avenue,thirumudivakkam,44.0,615,2,1
navins hillview avenue,thirumudivakkam,44.4,615,2,1
on request,perungalathur,91.35,1278,3,0
alankar vridhi villa,east tambaram,125.0,1163,3,0
keerthi homes,iyyappanthangal,77.98,1186,3,0
keerthi homes,iyyappanthangal,77.95,1186,3,0
sai keerthi,iyyappanthangal,78.0,1188,3,0
keerthi homes,iyyappanthangal,78.0,1186,3,0
keerthi homes,iyyappanthangal,67.0,952,2,0
sai keerthi homes,iyyappanthangal,75.0,1186,3,0
udhayam saimugil,chitlapakkam,125.0,1649,3,0
on request,kovur,64.21,1108,2,0
on request,medavakkam,62.5,1027,2,0
"guduvancheri, chennai, chennai south",guduvancheri,54.9,1300,2,0
arunsa flats,"apuram, chromepet",68.14,934,2,0
"guduvancheri, chennai, chennai south",guduvancheri,59.9,1155,2,0
new flat,kolathur,50.02,790,2,0
new flat,kolathur,50.0,798,2,0
united india colony,kolathur,78.9,1047,2,0
malles ahaana,pallikaranai,48.0,546,1,0
scc homes,"virugambakkam, arcot road",120.0,1123,2,0
vista flats,pallikaranai,109.00000000000001,1204,3,0
adroit house of ambal,anna salai,345.0,1723,3,0
adroit house of ambal,anna salai,250.0,1232,2,0
sidharth crown,madhavaram,46.0,586,1,0
"rose flats, jawahar nagar, perambur","jawahar nagar, perambur",85.6,960,2,0
kg house of champions,perumbakkam,50.0,835,2,0
kg house of champions,perumbakkam,50.0,817,2,0
alamoxsreal tuscany,"maraimalai nagar, gst road",37.0,620,2,0
livehomes,alwarpet,211.0,1279,3,0
new flat,ayanambakkam,53.9,931,2,0
on request,"velan nagar, valasaravakkam",99.0,1260,3,0
"red hills, chennai, chennai north",red hills,31.96,601,1,0
urbanrise revolution one,padur,59.0,888,2,0
scc homes,kilpauk,139.0,979,2,0
livehomes,pallikaranai,93.0,1240,3,0
on request,guduvancheri,40.0,960,2,0
vishnu sky tower,madambakkam,88.54,1265,3,0
navins hanging gardens,valasaravakkam,187.0,1465,3,1
navins hanging gardens,valasaravakkam,134.0,1012,2,1
urbanrise codename new porur,thirumazhisai,61.0,885,3,1
urbanrise codename new porur,thirumazhisai,40.0,633,1,1
new flat,ambattur,58.99,1070,2,0
"kattupakkam, chennai, chennai west",kattupakkam,160.0,1200,3,0
brigade xanadu,mogappair,145.0,1350,2,1
hi living evita,madhavaram,75.0,962,2,0
vinayagaburam,kolathur,43.11,705,2,0
malles ahaana,pallikaranai,48.0,548,1,0
jayam sri sai garden hill view,perumbakkam,135.0,1800,4,0
livehomes,chitlapakkam,91.44,1168,3,0
orchid gardens,tambaram,53.24,1024,2,0
vgk sri sai enclave,"west tambaram,  south",61.0,1045,2,0
scc homes,"vandalur, gst road",49.94,1020,2,0
orchid garden,perungalathur,48.45,932,2,0
vgk summer garden,"vengaivasal, medavakkam",86.8,1400,3,0
orchid gardens,perungalathur,48.45,932,2,0
orchid garden,"west tambaram,  south",44.09,848,2,0
arun excello green acres,oragadam,38.9,985,2,0
united india colony,kolathur,78.5,1049,2,0
doshi firstnest,chromepet,75.0,1198,3,1
livehomes,t nagar,409.0,1950,3,0
"guduvancheri, chennai, chennai south",guduvancheri,55.5,1010,2,0
arshiya,kattupakkam,99.5,1411,3,0
"kovur, chennai, chennai west",kovur,69.0,720,2,0
scc homes,porur,77.84,960,2,0
urbanrise codename new porur,thirumazhisai,42.0,633,1,1
doshi oriana,perungudi,85.0,1235,2,0
livehomes,periyar nagar,96.74,1075,2,0
livehomes,keelkattalai,74.24,990,2,0
hiliving serenity,madhavaram,74.0,905,2,0
"guduvancheri, chennai, chennai south",guduvancheri,60.0,1150,2,0
green house,ponniammanmedu,48.0,656,2,0
stepsstone vatsa,kattupakkam,71.0,1021,2,0
"east tambaram, chennai, chennai south",east tambaram,119.0,1163,3,0
orchid gardens,tambaram,48.46,932,2,0
scc homes,kilpauk,127.0,977,3,0
scc homes,kilpauk,145.0,1120,3,0
hiliving serenity,madhavaram,100.0,1275,3,0
on request,guduvancheri,29.0,540,1,0
livehomes,vanagaram,56.1,937,2,0
golden opulence,poonamallee,85.0,1490,3,1
new flat,kolathur,41.69,680,2,0
new flat,kolathur,43.04,706,2,0
new flat,kolathur,41.65,685,2,0
livehomes,maduravoyal,76.01,1000,2,0
on request,guduvancheri,40.88,806,2,0
on request,guduvancheri,40.0,925,2,0
"guduvancheri, chennai, chennai south",guduvancheri,46.0,798,2,0
vinayagaburam,kolathur,50.09,796,2,0
on request,valasaravakkam,215.0,1513,3,0
"guduvancheri, chennai, chennai south",guduvancheri,45.95,800,2,0
vgk unity kingdom,medavakkam,91.0,1268,3,0
on request,kattupakkam,74.0,1033,2,0
malles ahaana,pallikaranai,95.0,1189,3,0
"mappedu, selaiyur, chennai south","mappedu, selaiyur",119.0,1163,3,0
vgk summer garden,"vengaivasal, medavakkam",83.0,1341,3,0
new flat,ayanambakkam,56.0,968,2,0
"gerugambakkam, chennai, chennai west",gerugambakkam,87.0,940,2,0
rainbow foundations,madipakkam,59.5,1072,3,0
vasantha flats,madipakkam,65.0,1050,3,0
"mangadu, chennai, chennai west",mangadu,78.0,880,2,0
122 west by shriram,mangadu,47.6,850,2,0
orchid gardens,perungalathur,75.75,1457,3,0
on request,thirumazhisai,59.78,1063,3,0
lumina,guduvancheri,49.9,925,2,0
on request,koyambedu,133.0,1517,3,0
orchid gardens,tambaram,48.45,932,2,0
orchid gardens,tambaram,44.09,849,2,0
orchid gardens,tambaram,44.1,848,2,0
orchid gardens,perungalathur,44.09,848,2,0
aravind,"banu nagar, ambattur",60.0,930,2,0
"red hills, chennai, chennai north",red hills,49.96,1000,2,0
orchid garden,"west tambaram,  south",75.75,1457,3,0
mandaveli on main road nr bss hospital,mandaveli,120.0,900,2,0
prapancha apartment,thoraipakkam,98.0,1379,3,0
krishna garden,thirumazhisai,83.0,890,3,0
amarprakash the royal castle,chromepet,32.0,639,2,1
casagrand utopia,manapakkam,140.0,1580,3,0
ra puram apartment,ra puram,240.0,1250,3,0
kottur garden on main road flat,"kottur gardens, kotturpuram",160.0,1500,3,0
anry homes,"radha avenue, valasaravakkam",76.56,880,2,0
"clover villa,new villa",pallikaranai,85.0,735,4,0
arun excello hari priya,guduvancheri,19.0,390,1,0
"propguider,jubilee residences",guduvancheri,18.96,480,1,0
emerald enclave,"janakiraman colony, villivakkam",40.0,753,2,0
rkc pride,kolathur,78.0,1000,2,0
"guduvancheri, chennai, chennai south",guduvancheri,46.0,800,2,0
"potheri, kattankulathur, chennai south","potheri, kattankulathur",40.0,995,2,0
"potheri, kattankulathur, chennai south","potheri, kattankulathur",36.5,850,2,0
"potheri, kattankulathur, chennai south","potheri, kattankulathur",39.0,920,2,0
"potheri, kattankulathur, chennai south","potheri, kattankulathur",40.0,1100,2,0
golden opulence,poonamallee,45.0,691,2,1
"camp road, selaiyur, chennai south","camp road, selaiyur",119.0,1163,3,0
"selaiyur, chennai, chennai south",selaiyur,119.0,1163,3,0
lakshmi flat,kovilambakkam,81.9,1260,3,0
mahalakshmi nagar,mangadu,110.00000000000001,1200,5,0
"baba foundations, madipakkam, chennai","senthuran colony, madipakkam",60.0,1172,2,0
doshi euphoria,perungudi,63.9,785,2,1
doshi risington,"karapakkam, omr",85.0,1024,2,0
"thaiyur, omr, chennai south","thaiyur, omr",80.0,865,3,0
scc homes,kilpauk,165.0,1204,3,0
"uthandi, ecr, chennai south","uthandi, ecr",349.0,1600,4,0
"guduvancheri, chennai, chennai south",guduvancheri,42.5,910,2,0
livehomes,old pallavaram,64.66,995,2,0
on request,alwarpet,379.0,1600,3,0
on request,kovur,50.0,760,2,0
livehomes,"west tambaram,  south",74.01,1560,3,0
"mugalivakkam, chennai, chennai west",mugalivakkam,180.0,1000,3,0
"guduvancheri, chennai, chennai south",guduvancheri,55.0,1005,2,0
"guduvancheri, chennai, chennai south",guduvancheri,54.95,1005,2,0
lml arshiya,kattupakkam,69.0,992,2,0
pacifica pride towers,padur,70.0,1147,2,1
zion,ganallur,86.78,1315,3,0
on request,guduvancheri,38.0,950,2,0
spik & span madipakkam,madipakkam,65.86,967,2,0
"guduvancheri, chennai, chennai south",guduvancheri,46.0,833,2,0
"kayarambedu, chennai, chennai south",kayarambedu,75.0,880,3,0
ceebros pranav,"haddows road, nungambakkam",310.0,1650,3,0
raja estate,choolaimedu,80.0,710,2,0
"kayarambedu, chennai, chennai south",kayarambedu,76.0,870,3,0
"guduvancheri, chennai, chennai south",guduvancheri,43.0,910,2,0
"guduvancheri, chennai, chennai south",guduvancheri,99.0,1200,3,0
eta rosedale,padur,81.5,1631,3,0
aishwaryam majestica,medavakkam,72.0,1141,3,0
"perumanttunallur, chennai, chennai south",perumanttunallur,83.0,1005,3,0
pacifica aurum,padur,85.0,1463,3,1
pacifica aurum,padur,85.0,1468,3,1
pacifica aurum,padur,75.0,1261,2,1
pacifica aurum,padur,75.0,1361,2,1
orchid gardens,perungalathur,53.24,1024,2,0
on requst,valasaravakkam,123.0,1380,3,0
abhiramapuram 2bhk flat no lift,abhiramapuram,110.00000000000001,820,2,0
"gerugambakkam, chennai, chennai west",gerugambakkam,95.0,1200,2,0
on request,"velan nagar, valasaravakkam",98.0,1206,3,0
uthandi seaside,"uthandi, ecr",125.0,1600,3,0
sri sai ram flats,porur gardens,67.0,958,2,0
sri sai resident,perumbakkam,83.68,900,3,0
"kanathur, ecr, chennai south","kanathur, ecr",220.00000000000003,1700,4,0
sri sai villas,perumbakkam,105.0,1400,3,0
sri sai villas,perumbakkam,143.0,1800,4,0
ayyan achyut flats,kovilambakkam,68.88,1013,2,0
casagrand royale,ganallur,95.0,1048,2,1
"mangadu, chennai, chennai west",mangadu,75.0,880,2,0
new flat,kolathur,41.56,681,2,0
svf homes,ambattur,42.0,852,2,0
new flat,kolathur,41.59,680,2,0
new flat,kolathur,41.63,682,2,0
o request,ayanambakkam,46.55,665,1,0
happy homes,kolathur,84.52,1168,3,0
happy homes,ambattur,74.45,1144,3,0
vinayagaburam,kolathur,43.16,704,2,0
"propguider,exurb","thiruporur, omr",18.0,395,1,0
asv alexandria,ganallur,170.0,1850,3,1
new flat,ambattur,44.96,971,2,0
residential apartment,pallikaranai,56.71,1031,2,0
shri sai garden,perumbakkam,98.0,1200,3,0
jayam sri sai garden hill view,perumbakkam,77.5,900,2,0
shri sai garden,perumbakkam,89.0,1200,2,0
vinayagaburam,kolathur,50.0,796,2,0
hema homes,"s kolathur, kovilambakkam",70.85,984,2,0
hema homes,"s kolathur, kovilambakkam",64.51,896,2,0
new flat,valasaravakkam,85.4,980,2,0
new flat,valasaravakkam,76.56,880,2,0
kaaviya gardens prem enclave,valasaravakkam,52.24,520,1,0
sri sai resident,perumbakkam,86.45,923,3,0
sri sai villas,perumbakkam,96.0,1200,3,0
saradeuz paradise,perumbakkam,79.0,1275,3,0
doshi firstnest,chromepet,75.4,1294,3,1
aravind flats,"north banu nagar, ambattur",86.0,1225,3,0
on request,"agaramthen, vandalur kelambakkam road",35.0,700,2,0
sri sai garden hill view,perumbakkam,84.5,1000,3,0
plaza elite acres,perumbakkam,39.9,637,2,0
adyar karpaga garden new flat &duplex flat,adyar,400.0,2200,3,0
srb smiley house,"ballard street, perambur",98.32,1311,3,0
sai keerthi homes,iyyappanthangal,77.5,1186,3,0
sri sai ram apartment,porur gardens,67.0,860,2,0
dharman's divine,perumbakkam,57.45,1045,2,0
"iyyappanthangal, chennai, chennai west",iyyappanthangal,47.0,789,2,0
on request,kattupakkam,89.0,1243,3,0
on request,guduvancheri,32.9,618,2,0
arun excello heights,oragadam,34.9,985,2,0
"red hills, chennai, chennai north",red hills,31.85,601,1,0
on request,"karapakkam, omr",135.0,1308,3,0
arihant panache,"mangali nagar, arumbakkam",243.00000000000003,1826,3,0
casagrand pavilion,"thalambur, omr",84.0,1020,2,1
casagrand pavilion,"thalambur, omr",87.0,1000,2,1
"ayyapakkam, chennai, chennai west",ayyapakkam,98.0,778,3,0
sri sai swarna bhoomi,"thalambur, omr",85.63,1000,2,0
casagrand pavilion,"thalambur, omr",86.5,900,2,1
emami tejomaya,navalur,88.0,1158,2,1
casagrand pavilion,"thalambur, omr",79.5,900,2,1
"kolapakkam, chennai, chennai west",kolapakkam,160.0,1251,3,0
sss jayam homes,madhavaram,87.0,900,2,0
steps stone vatsa,kattupakkam,72.0,1055,3,0
steps stone vatsa,kattupakkam,65.0,974,2,0
"bharathi nagar,ayanavaram, chennai, chennai north","bharathi nagar,ayanavaram",220.00000000000003,820,6,0
new flat,kolathur,41.48,680,2,0
purva somerset house,"dy,  south",459.99999999999994,3739,4,1
tower of adyar by nahar,adyar,374.0,2416,4,1
"adyar, chennai, chennai south",adyar,357.0,1948,3,0
jayam sri sai garden hill view,perumbakkam,88.0,1000,3,0
orchid garden,old perungalathur,44.15,849,2,0
on request,thirumazhisai,59.78,1065,3,0
livehomes,adambakkam,120.0,1093,3,0
"maduravoyal, chennai, chennai west",maduravoyal,,3120,3,0
ruby residency,"irumbuliyur, west tambaram",45.0,804,2,0
"gerugambakkam, chennai, chennai west",gerugambakkam,88.0,800,3,0
"kundrathur, chennai, chennai south",kundrathur,125.0,800,3,0
ramcons dominion,nungambakkam,265.0,1658,3,0
isha shubham,perungalathur,65.0,966,2,0
isha shubham,perungalathur,83.0,1495,3,0
orchid garden,perungalathur,44.09,848,2,0
orchid park,tambaram,48.45,932,2,0
shriram park 63,perungalathur,129.0,1225,2,1
"gerugambakkam, chennai, chennai west",gerugambakkam,145.0,1150,3,0
orchid garden,"west tambaram,  south",70.65,1359,3,0
orchid garden,"west tambaram,  south",48.45,932,2,0
orchid garden,perungalathur,53.24,1024,2,0
orchid garden,perungalathur,75.75,1457,3,0
orchid garden,perungalathur,70.65,1359,3,0
malles ahaana,pallikaranai,91.62,1527,3,0
malles ahaana,pallikaranai,90.54,1509,3,0
pratyusha enclave,"bhel nagar,medavakkam",80.0,1110,3,0
"moulivakkam, chennai, chennai west",moulivakkam,140.0,900,3,0
amarprakash palm riviera chennai,thirumudivakkam,53.0,1316,3,0
casagrand pavilion,"thalambur, omr",80.0,1000,2,1
jayam sri sai avenue annexe,navalur,73.58,900,2,1
sri sai swarna bhoomi,navalur,78.0,900,2,0
"vgp layout, ecr, chennai south","vgp layout, ecr",409.99999999999994,2800,3,0
radiance empire,perambur,85.0,940,2,1
rp mahalaxmi,valasaravakkam,70.0,875,2,0
raj palani residency,"dhandeeswaram, velachery",177.0,1576,3,0
casagrand urbano phase 1,ponmar,110.00000000000001,1600,3,0
palms prudential,thiruverkadu,60.0,1157,3,0
"block 10 jj nagar, mogappair, chennai north","block 10 jj nagar, mogappair",65.0,468,3,0
on request,sithalapakkam,33.0,708,2,0
tdc best,"ram nagar, madipakkam",55.0,970,2,0
on request,"padhuvancherry, madambakkam",31.7,634,2,0
new flat,kolathur,50.0,791,2,0
"sathya homes, arunothaya nagar 1st cross street",nanmangalam,40.0,700,2,0
"svf lake view garden,ambattur chennai north",ambattur,42.0,971,2,0
"mathur, chennai, chennai north",mathur,100.0,864,3,0
on request,pallikaranai,57.7,932,2,0
arc residency,royapettah,77.0,720,2,0
shiv apartment,"vadapalani,  south",77.0,1062,2,0
stepsstone madhav,nanmangalam,28.0,530,1,0
apartment,medavakkam,66.0,1003,2,0
gandhi nagar,adyar,150.0,816,2,0
sri raghavendra apartment,triplicane,47.0,503,1,0
srb ruby homes,perambur,80.0,1078,3,0
shanti enclave,madipakkam,55.0,947,2,0
new apartment,sembakkam,84.0,1325,3,0
"sai villas, thaiyur, omr","thaiyur, omr",35.0,700,2,0
"sterling bay, mahapallipuram, chennai","mahabalipuram, ecr",30.0,708,2,0
on request,"padhuvancherry, madambakkam",33.2,664,2,0
"kolapakkam, chennai, chennai west",kolapakkam,55.0,884,2,0
srb ruby homes,perambur,80.0,1076,3,0
"gerugambakkam, chennai, chennai west",gerugambakkam,64.0,600,2,0
happy homes,kolathur,84.68,1161,3,0
"thirumullaivoyal, chennai, chennai north",thirumullaivoyal,185.0,2400,3,0
happy homes,"banu nagar, ambattur",60.44,934,2,0
mega apartment,"od garden, kolapakkam",66.0,1132,2,0
new apartment,medavakkam,75.0,1133,3,0
livehomes,pallikaranai,58.71,995,2,0
srb ruby home,perambur,74.0,937,2,0
"minjur, chennai, chennai north",jur,38.0,1918,2,0
livehomes,adyar,227.0,1390,3,0
navganesh eminent,kolathur,50.08,796,2,0
livehomes,madipakkam,69.2,815,2,0
"sai gokul avenue, thiruporur, omr","thiruporur, omr",48.0,1000,3,0
srb coral house,perambur,79.95,1066,3,0
prestige bella vista,porur,125.0,1494,2,1
sri smiley house,perambur,75.0,757,2,0
orchid garden,"west tambaram,  south",53.24,1024,2,0
sri sai resident,perumbakkam,99.0,1000,4,0
"kovur, chennai, chennai west",kovur,78.0,800,2,0
new flat,kolathur,50.0,796,2,0
orchid garden,old perungalathur,44.1,848,2,0
new apartment,rajakilpakkam,85.0,1326,3,0
dwaraka flats,adambakkam,109.00000000000001,1093,3,0
orchid gardens,tambaram,44.16,849,2,0
new flat,kolathur,50.0,795,2,0
on request,kolathur,41.66,683,2,0
kg house of champions,perumbakkam,49.0,840,2,0
"sai gokul avenue, kelambakkam, chennai",kelambakkam,40.0,900,2,0
dhanalaxmi homes,nanganallur,192.0,1746,3,0
srb ruby home,perambur,73.95,986,2,0
navganesh eden,kolathur,43.13,707,2,0
adinath apartments,purasaiwakkam,220.00000000000003,1800,3,0
new flat,ambattur,42.0,852,2,0
livehomes,adambakkam,92.61,842,2,0
orchid gardens,tambaram,48.47,932,2,0
"padappai, chennai, chennai south",padappai,32.0,800,2,0
"guduvancheri, chennai, chennai south",guduvancheri,35.9,800,2,0
tdc lifespace,"viduthalai nagar, kovilambakkam",58.0,1210,3,0
jayam sri sai dual avenue,navalur,90.0,1401,3,0
"navalur, chennai, chennai south",navalur,78.0,1020,2,0
lakshmi flat,kovilambakkam,56.42,868,2,0
vijaya shree gardern,thoraipakkam,29.5,597,1,0
"guduvancheri, chennai, chennai south",guduvancheri,37.0,1000,2,0
urbanrise revolution one,padur,36.0,525,1,0
doshi euphoria,perungudi,40.0,415,1,1
"guduvancheri, chennai, chennai south",guduvancheri,32.0,800,2,0
"guduvancheri, chennai, chennai south",guduvancheri,29.0,600,1,0
livehomes,mugalivakkam,68.01,913,2,0
livehomes,porur,58.73,816,2,0
livehomes,ponmar,89.0,1690,3,0
praveen vetrivela,west mambalam,50.0,750,2,0
tvh svasti,thoraipakkam,80.0,1085,2,0
vgn fairmont,"dy,  south",171.0,1712,3,0
vikas vibhav,gerugambakkam,70.0,600,2,0
"perumbakkam, chennai, chennai south",perumbakkam,78.3,1200,3,0
purvankara swan lake,padur,88.0,1740,3,0
dra d elite,ganallur,74.05,1058,2,0
zion,ganallur,60.05,910,2,0
chellappa flats,purasaiwakkam,52.9,605,2,0
chellappa flats,purasaiwakkam,91.8,1080,3,0
papa builder,adambakkam,96.47,877,2,0
kars investment,"kodambakkam, gst road",125.0,1200,3,0
"guduvancheri, chennai, chennai south",guduvancheri,42.9,1050,2,0
lancor infinys,keelkattalai,106.0,1115,3,0
mahalakshmi flats,"anbu nagar, valasaravakkam",76.0,1223,3,0
"mangadu, chennai, chennai west",mangadu,57.0,720,2,0
kg house of champions,perumbakkam,45.0,796,2,0
kg house of champions,perumbakkam,46.0,835,2,0
dhanalakshmi nagar,iyyappanthangal,59.0,831,2,0
ramaniyam maanas,velachery,100.0,952,2,0
sri sai garden,perumbakkam,82.23,1000,3,0
on request,"velan nagar, valasaravakkam",75.0,917,2,0
on request,"alwarthirunagar, valasaravakkam",79.0,975,2,0
samanta,"gaperumal koil, gst road",24.9,530,1,0
samant,"gaperumal koil, gst road",18.9,405,1,0
arun excello lalithangi,"mettupalayam, gst road",29.5,750,2,0
prince village phase 1,tondiarpet,65.0,790,2,1
sri sai ram flats,porur gardens,67.25,957,2,0
"mangadu, chennai, chennai west",mangadu,77.95,881,2,0
"mangadu, chennai, chennai west",mangadu,80.0,600,3,0
vgn ernest,avadi,16.0,510,1,1
jr annai construction,ponmar,45.0,1049,3,0
ananaya flats,keelkattalai,68.98,958,2,0
"navalur, chennai, chennai south",navalur,88.0,1200,3,0
casagrand pavilion,"thalambur, omr",88.0,900,3,1
"mangadu, chennai, chennai west",mangadu,78.0,700,3,0
marg pushpadruma,"thiruporur, omr",31.0,972,3,0
"gerugambakkam, chennai, chennai west",gerugambakkam,58.0,600,2,0
olympia opaline,navalur,120.0,1792,3,1
"kanathur, ecr, chennai south","kanathur, ecr",225.0,2560,5,0
gemini aster,"thalambur, omr",41.9,980,2,1
gemini aster,"thalambur, omr",54.9,1260,3,1
gemini aster,"thalambur, omr",37.9,870,2,1
gemini aster,"thalambur, omr",52.9,1240,3,1
gemini aster,"thalambur, omr",35.9,840,2,1
"agaram, perambur, chennai north","agaram, perambur",59.0,1150,2,0
"gerugambakkam, chennai, chennai west",gerugambakkam,67.0,600,2,0
sangamithra avenue,guduvancheri,50.0,1050,2,0
"sterling bay, ecr, chennai","mahabalipuram, ecr",28.0,610,2,0
shanthi nagar,"krishna nagar extension, west tambaram",95.0,1297,3,0
"mugalivakkam, chennai, chennai west",mugalivakkam,120.0,1155,2,0
shanu flats,medavakkam,73.84,1241,3,0
shanu flats,medavakkam,61.88,1040,2,0
new flat,ambattur,51.95,1000,2,0
olympia opaline,navalur,120.0,1750,3,1
residential apartment,pallikaranai,47.7,852,2,0
sri sai garden,perumbakkam,83.62,1000,3,0
casagrand pavilion,"thalambur, omr",79.5,1050,2,1
new flat,valasaravakkam,45.23,521,1,0
new flat,ramapuram,96.9,969,2,0
new flat,valasaravakkam,76.55,881,2,0
new flat,valasaravakkam,45.24,520,1,0
on request,ponmar,35.0,700,2,0
prema,chitlapakkam,81.0,1248,3,0
"sudarshan flats, radha nagar",chromepet,60.0,801,2,0
jayam sri sai garden hill view,perumbakkam,73.21,950,2,0
plaza elite acres,perumbakkam,39.5,627,2,0
gemini aster,"thalambur, omr",49.9,980,2,1
srb smiley house,"ballard street, perambur",56.63,755,2,0
xs real en veedu phase 2,guduvancheri,19.9,472,1,0
sri sai ram apartment,porur gardens,66.0,816,2,0
"vaani garden , anbzhagan street , ambattur","vijayalakshmi puram, ambattur",53.0,838,2,0
vijayasree sanjeevi apartments,thoraipakkam,45.0,731,2,0
"vettuvankeni, ecr, chennai south","vettuvankeni, ecr",260.0,2300,4,0
ttm lotus avenue,ayappakkam,34.0,700,2,0
revolution one,padur,59.4,910,3,0
revolution one,padur,43.9,663,2,0
shirdi graha,west mambalam,88.0,1000,2,0
"red hills, chennai, chennai north",red hills,41.86,1000,2,0
"grt apartment, 3rd avenue","banu nagar, ambattur",47.0,841,2,0
olympia opaline,navalur,99.0,1710,3,1
new flat,kolathur,43.12,703,2,0
sangath apartment,velachery,66.0,897,2,0
ramaniyam magnum,"taramani, omr",130.0,1172,2,0
on request,choolaimedu,65.0,800,2,0
vijay raja exurb,"thiruporur, omr",25.0,515,2,1
"akshara apartment, nallathambi nagar","ranganathapuram, medavakkam",50.0,905,2,0
"ayanambakkam, chennai, chennai north",ayanambakkam,98.0,775,3,0
marutham breeze,"west tambaram,  south",40.0,986,2,0
halls towers,egmore,90.0,1300,3,0
ceebros sankalp,alwarpet,400.0,1860,3,0
new house,mangadu,58.0,580,2,0
vijay shanthi lotus pond,kelambakkam,51.0,1155,3,1
sri hari apartment,t nagar,55.0,750,2,0
shriram park 63,perungalathur,160.0,2135,4,1
fair field,kilpauk,209.0,1430,3,0
navganesh eden,"ayagapuram, ambattur",41.66,683,2,0
"purasaiwakkam, chennai, chennai central",purasaiwakkam,110.00000000000001,1197,6,0
"sembakkam, chennai, chennai south",sembakkam,190.0,1740,4,0
shriram park 63,perungalathur,85.13,1135,2,1
"iyyappanthangal, chennai, chennai west",iyyappanthangal,90.0,1270,3,0
orchid gardens,tambaram,70.76,1360,3,0
hiranandani sinovia,"egattur, omr",199.0,1740,3,0
"1st floor, karthick nest",t nagar,90.0,900,2,0
dwaraka flats,adambakkam,84.19,842,2,0
sri gajalakshmi apartment,"pattaravakkam, ambattur",24.0,520,1,0
srb ruby homes,perambur,74.0,987,2,0
"poonamallee, chennai, chennai west",poonamallee,56.5,500,2,0
urbando orion,adambakkam,138.0,1114,3,0
maharani maaligai,mogappair west,55.0,786,2,0
kanish villa,"kodambakkam, gst road",66.0,3600,2,0
vgk sai hardik,east tambaram,55.0,1228,2,0
g square synergy,perumbakkam,100.0,605,4,0
tower of adyar by nahar,adyar,330.0,2380,4,1
thachi arunachalam st,mylapore,65.0,550,2,0
jayam sri sai garden hill view,perumbakkam,97.0,1400,3,0
sri sai resident,perumbakkam,89.0,1000,3,0
madhav apartments,"balaji nagar, royapettah",90.0,750,2,0
jains brindavan,west mambalam,85.0,880,2,0
srb ruby home,perambur,80.63,1075,3,0
livehomes,kottivakkam,94.45,969,2,0
green house,ponniammanmedu,48.0,676,2,0
happy homes,kolathur,83.98,1119,3,0
livehomes,west mambalam,149.0,1076,3,0
"avadi, chennai, chennai north",avadi,36.4,800,2,0
"avadi, chennai, chennai north",avadi,54.9,1200,3,0
"kattupakkam, chennai, chennai west",kattupakkam,145.0,1140,3,0
excel vijay jagat,thoraipakkam,55.0,820,2,0
on request,medavakkam,62.99,1012,2,0
orchid garden,tambaram,75.85,1459,3,0
orchid garden,tambaram,53.24,1024,2,0
s c giri homes,korattur,47.0,1000,3,0
starwood towers 2.0,medavakkam,51.0,601,2,0
starwood towers 2.0,medavakkam,48.0,591,2,0
on request,adyar,350.0,1899,3,0
orchid park,tambaram,44.09,848,2,0
prema,chitlapakkam,62.0,959,2,0
shantiniketan vega,kelambakkam,35.0,777,2,0
"saligramam, arcot road, chennai west","saligramam, arcot road",265.0,2160,3,0
malles ahaana,pallikaranai,65.0,989,2,0
lake vista's,pallikaranai,120.0,2139,3,0
hansa avenue apartment,arumbakkam,63.0,723,2,0
jayam sri sai avenue annexe,navalur,75.23,1000,2,1
casagrand pavilion,"thalambur, omr",78.21,1000,3,1
alliance humming gardens,kelambakkam,160.0,1829,4,1
jayam sri sai dual avenue,navalur,83.0,900,3,0
prestige bella vista,porur,181.0,1990,3,1
prestige bella vista,porur,105.0,1166,2,1
mohan gihon,"senthurpuram, kattupakkam",59.0,1045,3,0
akila heights,east tambaram,125.0,1337,3,1
